Website,Agency,Bureau
3dmaggs.larc.nasa.gov,National Aeronautics and Space Administration,NASA Langley Research Center
aab.larc.nasa.gov,National Aeronautics and Space Administration,NASA Langley Research Center
above.nasa.gov,National Aeronautics and Space Administration,NASA Science Mission Directorate
access.earthdata.nasa.gov,National Aeronautics and Space Administration,NASA Science Mission Directorate
acd-ext.gsfc.nasa.gov,National Aeronautics and Space Administration,NASA Goddard Space Flight Center
acd-pub.gsfc.nasa.gov,National Aeronautics and Space Administration,NASA Goddard Space Flight Center
acquisition.jpl.nasa.gov,National Aeronautics and Space Administration,NASA Jet Propulsion Laboratory
adt.larc.nasa.gov,National Aeronautics and Space Administration,NASA Langley Research Center
aero.larc.nasa.gov,National Aeronautics and Space Administration,NASA Langley Research Center
aerocenter.gsfc.nasa.gov,National Aeronautics and Space Administration,NASA Science Mission Directorate
aeroelasticity.larc.nasa.gov,National Aeronautics and Space Administration,NASA Langley Research Center
aeronet.gsfc.nasa.gov,National Aeronautics and Space Administration,NASA Science Mission Directorate
ahed.nasa.gov,National Aeronautics and Space Administration,NASA Science Mission Directorate
ai.jpl.nasa.gov,National Aeronautics and Space Administration,NASA Jet Propulsion Laboratory
aiaa-dpw.larc.nasa.gov,National Aeronautics and Space Administration,NASA Langley Research Center
airbornescience.nasa.gov,National Aeronautics and Space Administration,NASA Science Mission Directorate
aircrafticing.grc.nasa.gov,National Aeronautics and Space Administration,NASA Glenn Research Center
airmoss.jpl.nasa.gov,National Aeronautics and Space Administration,NASA Science Mission Directorate
airquality.gsfc.nasa.gov,National Aeronautics and Space Administration,NASA Science Mission Directorate
airrange.ssc.nasa.gov,National Aeronautics and Space Administration,NASA Stennis Space Center
airs.jpl.nasa.gov,National Aeronautics and Space Administration,NASA Science Mission Directorate
airsar.jpl.nasa.gov,National Aeronautics and Space Administration,NASA Science Mission Directorate
airsea.jpl.nasa.gov,National Aeronautics and Space Administration,NASA Jet Propulsion Laboratory
airsnrt.jpl.nasa.gov,National Aeronautics and Space Administration,NASA Science Mission Directorate
akama.arc.nasa.gov,National Aeronautics and Space Administration,NASA Aeronautics Research Mission Directorate
amdsb.larc.nasa.gov,National Aeronautics and Space Administration,NASA Langley Research Center
ammos.nasa.gov,National Aeronautics and Space Administration,NASA Science Mission Directorate
ampb.larc.nasa.gov,National Aeronautics and Space Administration,NASA Langley Research Center
analogstudies.jsc.nasa.gov,National Aeronautics and Space Administration,NASA Johnson Space Center
ao.jpl.nasa.gov,National Aeronautics and Space Administration,NASA Jet Propulsion Laboratory
aos.gsfc.nasa.gov,National Aeronautics and Space Administration,NASA Science Mission Directorate
api.nasa.gov,National Aeronautics and Space Administration,NASA Office of the Chief Information Officer
apod.nasa.gov,National Aeronautics and Space Administration,NASA Science Mission Directorate
appeears.earthdatacloud.nasa.gov,National Aeronautics and Space Administration,NASA Science Mission Directorate
appel.nasa.gov,National Aeronautics and Space Administration,NASA Office of the Chief Engineer
appliedsciences.nasa.gov,National Aeronautics and Space Administration,NASA Science Mission Directorate
apps.nasa.gov,National Aeronautics and Space Administration,NASA Office of the Chief Information Officer
aqua.nasa.gov,National Aeronautics and Space Administration,NASA Science Mission Directorate
ares.jsc.nasa.gov,National Aeronautics and Space Administration,NASA Johnson Space Center
aria.jpl.nasa.gov,National Aeronautics and Space Administration,NASA Science Mission Directorate
aria-share.jpl.nasa.gov,National Aeronautics and Space Administration,NASA Science Mission Directorate
artcontest.larc.nasa.gov,National Aeronautics and Space Administration,NASA Langley Research Center
arthurhou.pps.eosdis.nasa.gov,National Aeronautics and Space Administration,NASA Science Mission Directorate
artifacts.nasa.gov,National Aeronautics and Space Administration,NASA Office of the Chief Information Officer
asapdata.arc.nasa.gov,National Aeronautics and Space Administration,NASA Ames Research Center
asd.gsfc.nasa.gov,National Aeronautics and Space Administration,NASA Science Mission Directorate
asdc.larc.nasa.gov,National Aeronautics and Space Administration,NASA Science Mission Directorate
asp-archive.arc.nasa.gov,National Aeronautics and Space Administration,NASA Ames Research Center
asrs.arc.nasa.gov,National Aeronautics and Space Administration,NASA Aeronautics Research Mission Directorate
asterweb.jpl.nasa.gov,National Aeronautics and Space Administration,NASA Science Mission Directorate
astrobiology.gsfc.nasa.gov,National Aeronautics and Space Administration,NASA Science Mission Directorate
astrobiology.nasa.gov,National Aeronautics and Space Administration,NASA Science Mission Directorate
astronautappearances.nasa.gov,National Aeronautics and Space Administration,NASA Johnson Space Center
atcsim.nasa.gov,National Aeronautics and Space Administration,NASA Ames Research Center
atmos.jpl.nasa.gov,National Aeronautics and Space Administration,NASA Jet Propulsion Laboratory
atmosphere-imager.gsfc.nasa.gov,National Aeronautics and Space Administration,NASA Science Mission Directorate
atrain.nasa.gov,National Aeronautics and Space Administration,NASA Science Mission Directorate
aura.gsfc.nasa.gov,National Aeronautics and Space Administration,NASA Science Mission Directorate
ava.jpl.nasa.gov,National Aeronautics and Space Administration,NASA Science Mission Directorate
avdc.gsfc.nasa.gov,National Aeronautics and Space Administration,NASA Science Mission Directorate
aviationsystems.arc.nasa.gov,National Aeronautics and Space Administration,NASA Ames Research Center
aviris.jpl.nasa.gov,National Aeronautics and Space Administration,NASA Science Mission Directorate
avirisng.jpl.nasa.gov,National Aeronautics and Space Administration,NASA Science Mission Directorate
blackmarble.gsfc.nasa.gov,National Aeronautics and Space Administration,NASA Science Mission Directorate
bocachica.arc.nasa.gov,National Aeronautics and Space Administration,NASA Science Mission Directorate
c3.ndc.nasa.gov,National Aeronautics and Space Administration,NASA Aeronautics Research Mission Directorate
c3rs.arc.nasa.gov,National Aeronautics and Space Administration,NASA Aeronautics Research Mission Directorate
calval.jpl.nasa.gov,National Aeronautics and Space Administration,NASA Science Mission Directorate
camp2ex.jpl.nasa.gov,National Aeronautics and Space Administration,NASA Science Mission Directorate
caps.gsfc.nasa.gov,National Aeronautics and Space Administration,NASA Science Mission Directorate
carbon.nasa.gov,National Aeronautics and Space Administration,NASA Science Mission Directorate
cats.gsfc.nasa.gov,National Aeronautics and Space Administration,NASA Science Mission Directorate
cce.nasa.gov,National Aeronautics and Space Administration,NASA Science Mission Directorate
cce-datasharing.gsfc.nasa.gov,National Aeronautics and Space Administration,NASA Science Mission Directorate
cce-signin.gsfc.nasa.gov,National Aeronautics and Space Administration,NASA Science Mission Directorate
ccmc.gsfc.nasa.gov,National Aeronautics and Space Administration,NASA Science Mission Directorate
ccmpp.gsfc.nasa.gov,National Aeronautics and Space Administration,NASA Goddard Space Flight Center
cdaw.gsfc.nasa.gov,National Aeronautics and Space Administration,NASA Science Mission Directorate
cdaweb.gsfc.nasa.gov,National Aeronautics and Space Administration,NASA Science Mission Directorate
cddis.nasa.gov,National Aeronautics and Space Administration,NASA Science Mission Directorate
cdf.gsfc.nasa.gov,National Aeronautics and Space Administration,NASA Science Mission Directorate
cdscc.nasa.gov,National Aeronautics and Space Administration,NASA Space Operations Mission Directorate
cearun.grc.nasa.gov,National Aeronautics and Space Administration,NASA Glenn Research Center
ceres.larc.nasa.gov,National Aeronautics and Space Administration,NASA Science Mission Directorate
chapea.nasa.gov,National Aeronautics and Space Administration,NASA Johnson Space Center
ciencia.nasa.gov,National Aeronautics and Space Administration,NASA Science Mission Directorate
cilab.gsfc.nasa.gov,National Aeronautics and Space Administration,NASA Science Mission Directorate
cl.gsfc.nasa.gov,National Aeronautics and Space Administration,NASA Science Mission Directorate
clarreo-pathfinder.larc.nasa.gov,National Aeronautics and Space Administration,NASA Science Mission Directorate
climate.nasa.gov,National Aeronautics and Space Administration,NASA Science Mission Directorate
climatekids.nasa.gov,National Aeronautics and Space Administration,NASA Science Mission Directorate
cloud-object.larc.nasa.gov,National Aeronautics and Space Administration,NASA Science Mission Directorate
cloudsgate2.larc.nasa.gov,National Aeronautics and Space Administration,NASA Langley Research Center
cmr.earthdata.nasa.gov,National Aeronautics and Space Administration,NASA Science Mission Directorate
cmsflux.jpl.nasa.gov,National Aeronautics and Space Administration,NASA Science Mission Directorate
cneos.jpl.nasa.gov,National Aeronautics and Space Administration,NASA Science Mission Directorate
code.nasa.gov,National Aeronautics and Space Administration,NASA Office of the Chief Information Officer
coldatomlab.jpl.nasa.gov,National Aeronautics and Space Administration,NASA Science Mission Directorate
colloqsigma.larc.nasa.gov,National Aeronautics and Space Administration,NASA Langley Research Center
commonresearchmodel.larc.nasa.gov,National Aeronautics and Space Administration,NASA Langley Research Center
constructionsafety.ssc.nasa.gov,National Aeronautics and Space Administration,NASA Stennis Space Center
cor.gsfc.nasa.gov,National Aeronautics and Space Administration,NASA Science Mission Directorate
cor1.gsfc.nasa.gov,National Aeronautics and Space Administration,NASA Science Mission Directorate
core2.gsfc.nasa.gov,National Aeronautics and Space Administration,NASA Science Mission Directorate
cosmicopia.gsfc.nasa.gov,National Aeronautics and Space Administration,NASA Science Mission Directorate
costar.jpl.nasa.gov,National Aeronautics and Space Administration,NASA Jet Propulsion Laboratory
cpex.jpl.nasa.gov,National Aeronautics and Space Administration,NASA Science Mission Directorate
cpex-aw.jpl.nasa.gov,National Aeronautics and Space Administration,NASA Science Mission Directorate
cpl.gsfc.nasa.gov,National Aeronautics and Space Administration,NASA Science Mission Directorate
csaob.larc.nasa.gov,National Aeronautics and Space Administration,NASA Langley Research Center
csbf.nasa.gov,National Aeronautics and Space Administration,NASA Science Mission Directorate
csdap.earthdata.nasa.gov,National Aeronautics and Space Administration,NASA Science Mission Directorate
curator.jsc.nasa.gov,National Aeronautics and Space Administration,NASA Johnson Space Center
darktarget.gsfc.nasa.gov,National Aeronautics and Space Administration,NASA Science Mission Directorate
dartslab.jpl.nasa.gov,National Aeronautics and Space Administration,NASA Jet Propulsion Laboratory
data.giss.nasa.gov,National Aeronautics and Space Administration,NASA Science Mission Directorate
data.globe.gov,National Aeronautics and Space Administration,NASA Science Mission Directorate
data.nas.nasa.gov,National Aeronautics and Space Administration,NASA Science Mission Directorate
data.nasa.gov,National Aeronautics and Space Administration,NASA Office of the Chief Information Officer
dataentry.globe.gov,National Aeronautics and Space Administration,NASA Science Mission Directorate
datascience.jpl.nasa.gov,National Aeronautics and Space Administration,NASA Jet Propulsion Laboratory
datasearch.globe.gov,National Aeronautics and Space Administration,NASA Science Mission Directorate
dataverse.jpl.nasa.gov,National Aeronautics and Space Administration,NASA Jet Propulsion Laboratory
ddtrb.larc.nasa.gov,National Aeronautics and Space Administration,NASA Langley Research Center
deepspace.jpl.nasa.gov,National Aeronautics and Space Administration,NASA Space Operations Mission Directorate
deltax.jpl.nasa.gov,National Aeronautics and Space Administration,NASA Science Mission Directorate
descanso.jpl.nasa.gov,National Aeronautics and Space Administration,NASA Space Operations Mission Directorate
directreadout.sci.gsfc.nasa.gov,National Aeronautics and Space Administration,NASA Science Mission Directorate
disc.gsfc.nasa.gov,National Aeronautics and Space Administration,NASA Science Mission Directorate
discovery.larc.nasa.gov,National Aeronautics and Space Administration,NASA Science Mission Directorate
dml.msfc.nasa.gov,National Aeronautics and Space Administration,NASA Marshall Space Flight Center
doingbusiness.msfc.nasa.gov,National Aeronautics and Space Administration,NASA Marshall Space Flight Center
download.jpl.nasa.gov,National Aeronautics and Space Administration,NASA Jet Propulsion Laboratory
ds.nccs.nasa.gov,National Aeronautics and Space Administration,NASA Science Mission Directorate
dst.jpl.nasa.gov,National Aeronautics and Space Administration,NASA Jet Propulsion Laboratory
earth.gov,National Aeronautics and Space Administration,NASA Science Mission Directorate
earth.gsfc.nasa.gov,National Aeronautics and Space Administration,NASA Science Mission Directorate
earth.jpl.nasa.gov,National Aeronautics and Space Administration,NASA Jet Propulsion Laboratory
earthdata.nasa.gov,National Aeronautics and Space Administration,NASA Science Mission Directorate
earth-highlights.jpl.nasa.gov,National Aeronautics and Space Administration,NASA Jet Propulsion Laboratory
earthobservatory.nasa.gov,National Aeronautics and Space Administration,NASA Science Mission Directorate
echo.jpl.nasa.gov,National Aeronautics and Space Administration,NASA Jet Propulsion Laboratory
eclipse.gsfc.nasa.gov,National Aeronautics and Space Administration,NASA Science Mission Directorate
ecolloq.gsfc.nasa.gov,National Aeronautics and Space Administration,NASA Goddard Space Flight Center
ecostress.jpl.nasa.gov,National Aeronautics and Space Administration,NASA Science Mission Directorate
edrn.jpl.nasa.gov,National Aeronautics and Space Administration,NASA Jet Propulsion Laboratory
edrn-labcas.jpl.nasa.gov,National Aeronautics and Space Administration,NASA Jet Propulsion Laboratory
eds.larc.nasa.gov,National Aeronautics and Space Administration,NASA Langley Research Center
ehpd.gsfc.nasa.gov,National Aeronautics and Space Administration,NASA Goddard Space Flight Center
eirb.jsc.nasa.gov,National Aeronautics and Space Administration,NASA Office of the Chief Health and Medical Officer
electrochem.jpl.nasa.gov,National Aeronautics and Space Administration,NASA Jet Propulsion Laboratory
elvperf.ksc.nasa.gov,National Aeronautics and Space Administration,NASA Kennedy Space Center
emac.gsfc.nasa.gov,National Aeronautics and Space Administration,NASA Goddard Space Flight Center
emergency.jpl.nasa.gov,National Aeronautics and Space Administration,NASA Jet Propulsion Laboratory
emissivity.jpl.nasa.gov,National Aeronautics and Space Administration,NASA Science Mission Directorate
engineering.larc.nasa.gov,National Aeronautics and Space Administration,NASA Langley Research Center
environment.arc.nasa.gov,National Aeronautics and Space Administration,NASA Ames Research Center
environmental.larc.nasa.gov,National Aeronautics and Space Administration,NASA Langley Research Center
eol.jsc.nasa.gov,National Aeronautics and Space Administration,NASA Johnson Space Center
eonet.gsfc.nasa.gov,National Aeronautics and Space Administration,NASA Science Mission Directorate
eop-external.jpl.nasa.gov,National Aeronautics and Space Administration,NASA Science Mission Directorate
eospso.nasa.gov,National Aeronautics and Space Administration,NASA Science Mission Directorate
epact2.gsfc.nasa.gov,National Aeronautics and Space Administration,NASA Science Mission Directorate
epic.gsfc.nasa.gov,National Aeronautics and Space Administration,NASA Science Mission Directorate
esc.gsfc.nasa.gov,National Aeronautics and Space Administration,NASA Space Operations Mission Directorate
esdpubs.nasa.gov,National Aeronautics and Space Administration,NASA Science Mission Directorate
espo.nasa.gov,National Aeronautics and Space Administration,NASA Science Mission Directorate
espoarchive.nasa.gov,National Aeronautics and Space Administration,NASA Science Mission Directorate
esrs.jsc.nasa.gov,National Aeronautics and Space Administration,NASA Johnson Space Center
essp.larc.nasa.gov,National Aeronautics and Space Administration,NASA Science Mission Directorate
essp.nasa.gov,National Aeronautics and Space Administration,NASA Science Mission Directorate
esto.nasa.gov,National Aeronautics and Space Administration,NASA Science Mission Directorate
etd.gsfc.nasa.gov,National Aeronautics and Space Administration,NASA Goddard Space Flight Center
eve.larc.nasa.gov,National Aeronautics and Space Administration,NASA Langley Research Center
exoplanets.nasa.gov,National Aeronautics and Space Administration,NASA Science Mission Directorate
explore.jpl.nasa.gov,National Aeronautics and Space Administration,NASA Jet Propulsion Laboratory
explorer1.jpl.nasa.gov,National Aeronautics and Space Administration,NASA Jet Propulsion Laboratory
explorers.gsfc.nasa.gov,National Aeronautics and Space Administration,NASA Goddard Space Flight Center
explorers.larc.nasa.gov,National Aeronautics and Space Administration,NASA Science Mission Directorate
extapps.ksc.nasa.gov,National Aeronautics and Space Administration,NASA Kennedy Space Center
external.jsc.nasa.gov,National Aeronautics and Space Administration,NASA Office of the Chief Information Officer
eyes.nasa.gov,National Aeronautics and Space Administration,NASA Science Mission Directorate
fermi.gsfc.nasa.gov,National Aeronautics and Space Administration,NASA Science Mission Directorate
fireballs.ndc.nasa.gov,National Aeronautics and Space Administration,NASA Office of Safety and Mission Assurance
firms.modaps.eosdis.nasa.gov,National Aeronautics and Space Administration,NASA Science Mission Directorate
fits.gsfc.nasa.gov,National Aeronautics and Space Administration,NASA Science Mission Directorate
flightplanning.jpl.nasa.gov,National Aeronautics and Space Administration,NASA Science Mission Directorate
flightsimulation.larc.nasa.gov,National Aeronautics and Space Administration,NASA Langley Research Center
fluid.nccs.nasa.gov,National Aeronautics and Space Administration,NASA Science Mission Directorate
foia.msfc.nasa.gov,National Aeronautics and Space Administration,NASA Marshall Space Flight Center
forum.earthdata.nasa.gov,National Aeronautics and Space Administration,NASA Science Mission Directorate
frc-grants.arc.nasa.gov,National Aeronautics and Space Administration,NASA Johnson Space Center
ftsdb.grc.nasa.gov,National Aeronautics and Space Administration,NASA Armstrong Flight Research Center
fun3d.larc.nasa.gov,National Aeronautics and Space Administration,NASA Langley Research Center
gammaray.nsstc.nasa.gov,National Aeronautics and Space Administration,NASA Science Mission Directorate
gates.jpl.nasa.gov,National Aeronautics and Space Administration,NASA Jet Propulsion Laboratory
gcmd.earthdata.nasa.gov,National Aeronautics and Space Administration,NASA Science Mission Directorate
gcn.gsfc.nasa.gov,National Aeronautics and Space Administration,NASA Science Mission Directorate
gdscc.nasa.gov,National Aeronautics and Space Administration,NASA Space Operations Mission Directorate
genesis.jpl.nasa.gov,National Aeronautics and Space Administration,NASA Science Mission Directorate
gewa.gsfc.nasa.gov,National Aeronautics and Space Administration,NASA Goddard Space Flight Center
giovanni.gsfc.nasa.gov,National Aeronautics and Space Administration,NASA Science Mission Directorate
gipoc.grc.nasa.gov,National Aeronautics and Space Administration,NASA Glenn Research Center
gipsyx.jpl.nasa.gov,National Aeronautics and Space Administration,NASA Jet Propulsion Laboratory
gis.earthdata.nasa.gov,National Aeronautics and Space Administration,NASA Science Mission Directorate
giss.nasa.gov,National Aeronautics and Space Administration,NASA Goddard Space Flight Center
glam1.gsfc.nasa.gov,National Aeronautics and Space Administration,NASA Science Mission Directorate
glamr.gsfc.nasa.gov,National Aeronautics and Space Administration,NASA Science Mission Directorate
gliht.gsfc.nasa.gov,National Aeronautics and Space Administration,NASA Science Mission Directorate
glihtdata.gsfc.nasa.gov,National Aeronautics and Space Administration,NASA Science Mission Directorate
globe.gov,National Aeronautics and Space Administration,NASA Science Mission Directorate
gmao.gsfc.nasa.gov,National Aeronautics and Space Administration,NASA Science Mission Directorate
gms.gsfc.nasa.gov,National Aeronautics and Space Administration,NASA Science Mission Directorate
goes-r.nsstc.nasa.gov,National Aeronautics and Space Administration,NASA Science Mission Directorate
gpm.nasa.gov,National Aeronautics and Space Administration,NASA Science Mission Directorate
gpm-gv.gsfc.nasa.gov,National Aeronautics and Space Administration,NASA Science Mission Directorate
grace.jpl.nasa.gov,National Aeronautics and Space Administration,NASA Science Mission Directorate
gracefo.jpl.nasa.gov,National Aeronautics and Space Administration,NASA Science Mission Directorate
grc.nasa.gov,National Aeronautics and Space Administration,NASA Glenn Research Center
gs671-suske.ndc.nasa.gov,National Aeronautics and Space Administration,NASA Science Mission Directorate
gssr.jpl.nasa.gov,National Aeronautics and Space Administration,NASA Space Operations Mission Directorate
guardian.jpl.nasa.gov,National Aeronautics and Space Administration,NASA Jet Propulsion Laboratory
guest.nasa.gov,National Aeronautics and Space Administration,NASA Office of the Chief Information Officer
gulfoilspill.jpl.nasa.gov,National Aeronautics and Space Administration,NASA Science Mission Directorate
hamradio.arc.nasa.gov,National Aeronautics and Space Administration,NASA Ames Research Center
hamsr.jpl.nasa.gov,National Aeronautics and Space Administration,NASA Science Mission Directorate
har.gsfc.nasa.gov,National Aeronautics and Space Administration,NASA Goddard Space Flight Center
harmony.earthdata.nasa.gov,National Aeronautics and Space Administration,NASA Science Mission Directorate
hdrl.gsfc.nasa.gov,National Aeronautics and Space Administration,NASA Science Mission Directorate
healpix.jpl.nasa.gov,National Aeronautics and Space Administration,NASA Jet Propulsion Laboratory
heasarc.gsfc.nasa.gov,National Aeronautics and Space Administration,NASA Science Mission Directorate
hec.nasa.gov,National Aeronautics and Space Administration,NASA Science Mission Directorate
heliophysicsdata.gsfc.nasa.gov,National Aeronautics and Space Administration,NASA Science Mission Directorate
herschel.jpl.nasa.gov,National Aeronautics and Space Administration,NASA Science Mission Directorate
hesl.jpl.nasa.gov,National Aeronautics and Space Administration,NASA Science Mission Directorate
hesperia.gsfc.nasa.gov,National Aeronautics and Space Administration,NASA Science Mission Directorate
hic.msfc.nasa.gov,National Aeronautics and Space Administration,NASA Marshall Space Flight Center
hiliftpw.larc.nasa.gov,National Aeronautics and Space Administration,NASA Langley Research Center
hinode.msfc.nasa.gov,National Aeronautics and Space Administration,NASA Science Mission Directorate
hires.gsfc.nasa.gov,National Aeronautics and Space Administration,NASA Science Mission Directorate
historicproperties.arc.nasa.gov,National Aeronautics and Space Administration,NASA Ames Research Center
history.arc.nasa.gov,National Aeronautics and Space Administration,NASA Office of Communications
historycollection.jsc.nasa.gov,National Aeronautics and Space Administration,NASA Office of Communications
hitide.podaac.earthdatacloud.nasa.gov,National Aeronautics and Space Administration,NASA Science Mission Directorate
hls.gsfc.nasa.gov,National Aeronautics and Space Administration,NASA Science Mission Directorate
homeandcity.nasa.gov,National Aeronautics and Space Administration,NASA Space Technology Mission Directorate
honeybeenet.gsfc.nasa.gov,National Aeronautics and Space Administration,NASA Science Mission Directorate
hq.nasa.gov,National Aeronautics and Space Administration,NASA Office of the Chief Information Officer
hsi.arc.nasa.gov,National Aeronautics and Space Administration,NASA Ames Research Center
human-factors.arc.nasa.gov,National Aeronautics and Space Administration,NASA Ames Research Center
humanresearchroadmap.nasa.gov,National Aeronautics and Space Administration,NASA Space Operations Mission Directorate
hvit.jsc.nasa.gov,National Aeronautics and Space Administration,NASA Johnson Space Center
hydronews.jpl.nasa.gov,National Aeronautics and Space Administration,NASA Science Mission Directorate
hyspiri.jpl.nasa.gov,National Aeronautics and Space Administration,NASA Science Mission Directorate
hytes.jpl.nasa.gov,National Aeronautics and Space Administration,NASA Science Mission Directorate
ice.nasa.gov,National Aeronautics and Space Administration,NASA Science Mission Directorate
icebridge.gsfc.nasa.gov,National Aeronautics and Space Administration,NASA Science Mission Directorate
icesat.gsfc.nasa.gov,National Aeronautics and Space Administration,NASA Science Mission Directorate
icesat-2.gsfc.nasa.gov,National Aeronautics and Space Administration,NASA Science Mission Directorate
ideas-digitaltwin.jpl.nasa.gov,National Aeronautics and Space Administration,NASA Science Mission Directorate
ifem.larc.nasa.gov,National Aeronautics and Space Administration,NASA Aeronautics Research Mission Directorate
ilrs.gsfc.nasa.gov,National Aeronautics and Space Administration,NASA Science Mission Directorate
image.gsfc.nasa.gov,National Aeronautics and Space Administration,NASA Science Mission Directorate
images.nasa.gov,National Aeronautics and Space Administration,NASA Office of the Chief Information Officer
imagine.gsfc.nasa.gov,National Aeronautics and Space Administration,NASA Science Mission Directorate
impact.earthdata.nasa.gov,National Aeronautics and Space Administration,NASA Science Mission Directorate
informal.jpl.nasa.gov,National Aeronautics and Space Administration,NASA Office of STEM Engagement
insidedlab.jpl.nasa.gov,National Aeronautics and Space Administration,NASA Jet Propulsion Laboratory
invention.nasa.gov,National Aeronautics and Space Administration,NASA Space Technology Mission Directorate
iono.jpl.nasa.gov,National Aeronautics and Space Administration,NASA Jet Propulsion Laboratory
ipda.jpl.nasa.gov,National Aeronautics and Space Administration,NASA Science Mission Directorate
ipnpr.jpl.nasa.gov,National Aeronautics and Space Administration,NASA Space Operations Mission Directorate
iris.gsfc.nasa.gov,National Aeronautics and Space Administration,NASA Goddard Space Flight Center
isccp.giss.nasa.gov,National Aeronautics and Space Administration,NASA Science Mission Directorate
issm.jpl.nasa.gov,National Aeronautics and Space Administration,NASA Jet Propulsion Laboratory
istcolloq.gsfc.nasa.gov,National Aeronautics and Space Administration,NASA Goddard Space Flight Center
iswa.ccmc.gsfc.nasa.gov,National Aeronautics and Space Administration,NASA Science Mission Directorate
its-live.jpl.nasa.gov,National Aeronautics and Space Administration,NASA Jet Propulsion Laboratory
ivscc.gsfc.nasa.gov,National Aeronautics and Space Administration,NASA Science Mission Directorate
ixpe.msfc.nasa.gov,National Aeronautics and Space Administration,NASA Science Mission Directorate
jpl.nasa.gov,National Aeronautics and Space Administration,NASA Jet Propulsion Laboratory
jpldataeval.jpl.nasa.gov,National Aeronautics and Space Administration,NASA Science Mission Directorate
jplwater.nasa.gov,National Aeronautics and Space Administration,NASA Office of Strategic Infrastructure
jpssmis.gsfc.nasa.gov,National Aeronautics and Space Administration,NASA Goddard Space Flight Center
junomag.gsfc.nasa.gov,National Aeronautics and Space Administration,NASA Science Mission Directorate
keof.jpl.nasa.gov,National Aeronautics and Space Administration,NASA Science Mission Directorate
kscweather.ksc.nasa.gov,National Aeronautics and Space Administration,NASA Kennedy Space Center
l0dup05.larc.nasa.gov,National Aeronautics and Space Administration,NASA Science Mission Directorate
ladsweb.modaps.eosdis.nasa.gov,National Aeronautics and Space Administration,NASA Science Mission Directorate
lageos.gsfc.nasa.gov,National Aeronautics and Space Administration,NASA Science Mission Directorate
laketahoe.jpl.nasa.gov,National Aeronautics and Space Administration,NASA Science Mission Directorate
lambda.gsfc.nasa.gov,National Aeronautics and Space Administration,NASA Science Mission Directorate
lance.modaps.eosdis.nasa.gov,National Aeronautics and Space Administration,NASA Science Mission Directorate
lance.nsstc.nasa.gov,National Aeronautics and Space Administration,NASA Science Mission Directorate
landsat.gsfc.nasa.gov,National Aeronautics and Space Administration,NASA Science Mission Directorate
landsat.visibleearth.nasa.gov,National Aeronautics and Space Administration,NASA Science Mission Directorate
landscape.jpl.nasa.gov,National Aeronautics and Space Administration,NASA Science Mission Directorate
landweb.modaps.eosdis.nasa.gov,National Aeronautics and Space Administration,NASA Science Mission Directorate
larc-exchange.larc.nasa.gov,National Aeronautics and Space Administration,NASA Langley Research Center
largelakes.jpl.nasa.gov,National Aeronautics and Space Administration,NASA Science Mission Directorate
lbpw.larc.nasa.gov,National Aeronautics and Space Administration,NASA Aeronautics Research Mission Directorate
ldas.gsfc.nasa.gov,National Aeronautics and Space Administration,NASA Science Mission Directorate
leonid.arc.nasa.gov,National Aeronautics and Space Administration,NASA Ames Research Center
lep-pds.gsfc.nasa.gov,National Aeronautics and Space Administration,NASA Science Mission Directorate
lidar.jpl.nasa.gov,National Aeronautics and Space Administration,NASA Science Mission Directorate
lis.gsfc.nasa.gov,National Aeronautics and Space Administration,NASA Science Mission Directorate
lisa.nasa.gov,National Aeronautics and Space Administration,NASA Science Mission Directorate
llis.nasa.gov,National Aeronautics and Space Administration,NASA Office of the Chief Engineer
lms.larc.nasa.gov,National Aeronautics and Space Administration,NASA Langley Research Center
lmse.larc.nasa.gov,National Aeronautics and Space Administration,NASA Langley Research Center
lpo-mager.gsfc.nasa.gov,National Aeronautics and Space Administration,NASA Science Mission Directorate
lpvs.gsfc.nasa.gov,National Aeronautics and Space Administration,NASA Science Mission Directorate
lspcountdown.ndc.nasa.gov,National Aeronautics and Space Administration,NASA Kennedy Space Center
lst.jpl.nasa.gov,National Aeronautics and Space Administration,NASA Science Mission Directorate
lunarvolatiles.nasa.gov,National Aeronautics and Space Administration,NASA Science Mission Directorate
lvis.gsfc.nasa.gov,National Aeronautics and Space Administration,NASA Science Mission Directorate
lws.gsfc.nasa.gov,National Aeronautics and Space Administration,NASA Goddard Space Flight Center
lws.larc.nasa.gov,National Aeronautics and Space Administration,NASA Science Mission Directorate
lws-set.gsfc.nasa.gov,National Aeronautics and Space Administration,NASA Goddard Space Flight Center
magnetograph.msfc.nasa.gov,National Aeronautics and Space Administration,NASA Marshall Space Flight Center
maia.jpl.nasa.gov,National Aeronautics and Space Administration,NASA Science Mission Directorate
maia-mmgis.jpl.nasa.gov,National Aeronautics and Space Administration,NASA Science Mission Directorate
map.gsfc.nasa.gov,National Aeronautics and Space Administration,NASA Science Mission Directorate
maps.disasters.nasa.gov,National Aeronautics and Space Administration,NASA Science Mission Directorate
maps.nccs.nasa.gov,National Aeronautics and Space Administration,NASA Science Mission Directorate
maptis.nasa.gov,National Aeronautics and Space Administration,NASA Marshall Space Flight Center
mark4sun.jpl.nasa.gov,National Aeronautics and Space Administration,NASA Jet Propulsion Laboratory
mars.nasa.gov,National Aeronautics and Space Administration,NASA Science Mission Directorate
marsoweb.nas.nasa.gov,National Aeronautics and Space Administration,NASA Ames Research Center
masterprojects.jpl.nasa.gov,National Aeronautics and Space Administration,NASA Science Mission Directorate
matb.larc.nasa.gov,National Aeronautics and Space Administration,NASA Langley Research Center
mcdc.msfc.nasa.gov,National Aeronautics and Space Administration,NASA Office of Communications
mcl-labcas.jpl.nasa.gov,National Aeronautics and Space Administration,NASA Jet Propulsion Laboratory
mcst.gsfc.nasa.gov,National Aeronautics and Space Administration,NASA Science Mission Directorate
mds.jpl.nasa.gov,National Aeronautics and Space Administration,NASA Jet Propulsion Laboratory
mdscc.nasa.gov,National Aeronautics and Space Administration,NASA Space Operations Mission Directorate
medeng.jpl.nasa.gov,National Aeronautics and Space Administration,NASA Jet Propulsion Laboratory
media.ksc.nasa.gov,National Aeronautics and Space Administration,NASA Kennedy Space Center
mesa.jpl.nasa.gov,National Aeronautics and Space Administration,NASA Jet Propulsion Laboratory
mescforyou.ksc.nasa.gov,National Aeronautics and Space Administration,NASA Kennedy Space Center
methane.jpl.nasa.gov,National Aeronautics and Space Administration,NASA Science Mission Directorate
mgs-mager.gsfc.nasa.gov,National Aeronautics and Space Administration,NASA Science Mission Directorate
microdevices.jpl.nasa.gov,National Aeronautics and Space Administration,NASA Jet Propulsion Laboratory
misr.jpl.nasa.gov,National Aeronautics and Space Administration,NASA Science Mission Directorate
misse1.larc.nasa.gov,National Aeronautics and Space Administration,NASA Space Technology Mission Directorate
ml.jpl.nasa.gov,National Aeronautics and Space Administration,NASA Jet Propulsion Laboratory
mls.jpl.nasa.gov,National Aeronautics and Space Administration,NASA Science Mission Directorate
mms.gsfc.nasa.gov,National Aeronautics and Space Administration,NASA Goddard Space Flight Center
mmsvis.gsfc.nasa.gov,National Aeronautics and Space Administration,NASA Science Mission Directorate
modaps.modaps.eosdis.nasa.gov,National Aeronautics and Space Administration,NASA Science Mission Directorate
modis.gsfc.nasa.gov,National Aeronautics and Space Administration,NASA Science Mission Directorate
modis-images.gsfc.nasa.gov,National Aeronautics and Space Administration,NASA Science Mission Directorate
modis-land.gsfc.nasa.gov,National Aeronautics and Space Administration,NASA Science Mission Directorate
modis-snow-ice.gsfc.nasa.gov,National Aeronautics and Space Administration,NASA Science Mission Directorate
montepy.jpl.nasa.gov,National Aeronautics and Space Administration,NASA Science Mission Directorate
moon.nasa.gov,National Aeronautics and Space Administration,NASA Science Mission Directorate
mplnet.gsfc.nasa.gov,National Aeronautics and Space Administration,NASA Science Mission Directorate
msiexchange.nasa.gov,National Aeronautics and Space Administration,NASA Office of STEM Engagement
msqs.gsfc.nasa.gov,National Aeronautics and Space Administration,NASA Science Mission Directorate
mttc.jpl.nasa.gov,National Aeronautics and Space Administration,NASA Jet Propulsion Laboratory
mwsci.jpl.nasa.gov,National Aeronautics and Space Administration,NASA Science Mission Directorate
my.nasa.gov,National Aeronautics and Space Administration,NASA Office of Communications
mynasadata.larc.nasa.gov,National Aeronautics and Space Administration,NASA Science Mission Directorate
mysteries.jpl.nasa.gov,National Aeronautics and Space Administration,NASA Jet Propulsion Laboratory
nahw.jpl.nasa.gov,National Aeronautics and Space Administration,NASA Science Mission Directorate
naif.jpl.nasa.gov,National Aeronautics and Space Administration,NASA Science Mission Directorate
nari.arc.nasa.gov,National Aeronautics and Space Administration,NASA Aeronautics Research Mission Directorate
narwhal.arc.nasa.gov,National Aeronautics and Space Administration,NASA Aeronautics Research Mission Directorate
nas.nasa.gov,National Aeronautics and Space Administration,NASA Ames Research Center
nasa.gov,National Aeronautics and Space Administration,NASA Office of the Chief Information Officer
nasaeclips.arc.nasa.gov,National Aeronautics and Space Administration,NASA Science Mission Directorate
nbi.larc.nasa.gov,National Aeronautics and Space Administration,NASA Langley Research Center
nccs.nasa.gov,National Aeronautics and Space Administration,NASA Science Mission Directorate
ndacc.larc.nasa.gov,National Aeronautics and Space Administration,NASA Science Mission Directorate
nde.larc.nasa.gov,National Aeronautics and Space Administration,NASA Langley Research Center
ndeaa.jpl.nasa.gov,National Aeronautics and Space Administration,NASA Jet Propulsion Laboratory
nef.nasa.gov,National Aeronautics and Space Administration,NASA Office of the Chief Information Officer
nek.ksc.nasa.gov,National Aeronautics and Space Administration,NASA Kennedy Space Center
neo.gsfc.nasa.gov,National Aeronautics and Space Administration,NASA Science Mission Directorate
neo-bolide.ndc.nasa.gov,National Aeronautics and Space Administration,NASA Science Mission Directorate
neoproperties.arc.nasa.gov,National Aeronautics and Space Administration,NASA Science Mission Directorate
nepp.nasa.gov,National Aeronautics and Space Administration,NASA Goddard Space Flight Center
nescacademy.nasa.gov,National Aeronautics and Space Administration,NASA Office of the Chief Engineer
netspublic.grc.nasa.gov,National Aeronautics and Space Administration,NASA Glenn Research Center
newfrontiers.larc.nasa.gov,National Aeronautics and Space Administration,NASA Science Mission Directorate
nga.larc.nasa.gov,National Aeronautics and Space Administration,NASA Langley Research Center
nightsky.jpl.nasa.gov,National Aeronautics and Space Administration,NASA Science Mission Directorate
nlsp.nasa.gov,National Aeronautics and Space Administration,NASA Space Operations Mission Directorate
nodis3.gsfc.nasa.gov,National Aeronautics and Space Administration,NASA Office of the Administrator
nssdc.gsfc.nasa.gov,National Aeronautics and Space Administration,NASA Science Mission Directorate
ntrs.nasa.gov,National Aeronautics and Space Administration,NASA Office of the Chief Information Officer
nuwrf.gsfc.nasa.gov,National Aeronautics and Space Administration,NASA Science Mission Directorate
observer.globe.gov,National Aeronautics and Space Administration,NASA Science Mission Directorate
ocdb.smce.nasa.gov,National Aeronautics and Space Administration,NASA Science Mission Directorate
oceancolor.gsfc.nasa.gov,National Aeronautics and Space Administration,NASA Science Mission Directorate
oceandata.sci.gsfc.nasa.gov,National Aeronautics and Space Administration,NASA Science Mission Directorate
ocov2.jpl.nasa.gov,National Aeronautics and Space Administration,NASA Science Mission Directorate
ocov3.jpl.nasa.gov,National Aeronautics and Space Administration,NASA Science Mission Directorate
odeo.larc.nasa.gov,National Aeronautics and Space Administration,NASA Langley Research Center
oh.larc.nasa.gov,National Aeronautics and Space Administration,NASA Langley Research Center
oig.nasa.gov,National Aeronautics and Space Administration,NASA Office of the Inspector General
oiir.hq.nasa.gov,National Aeronautics and Space Administration,NASA Office of International and Interagency Relations
oltaris.nasa.gov,National Aeronautics and Space Administration,NASA Langley Research Center
omg.jpl.nasa.gov,National Aeronautics and Space Administration,NASA Science Mission Directorate
omniweb.gsfc.nasa.gov,National Aeronautics and Space Administration,NASA Science Mission Directorate
opendap.larc.nasa.gov,National Aeronautics and Space Administration,NASA Science Mission Directorate
orbitaldebris.jsc.nasa.gov,National Aeronautics and Space Administration,NASA Johnson Space Center
origins-habitability.jpl.nasa.gov,National Aeronautics and Space Administration,NASA Science Mission Directorate
osdr.nasa.gov,National Aeronautics and Space Administration,NASA Science Mission Directorate
ott.jpl.nasa.gov,National Aeronautics and Space Administration,NASA Jet Propulsion Laboratory
outreachevents.grc.nasa.gov,National Aeronautics and Space Administration,NASA Glenn Research Center
overflow.larc.nasa.gov,National Aeronautics and Space Administration,NASA Langley Research Center
ozoneaq.gsfc.nasa.gov,National Aeronautics and Space Administration,NASA Science Mission Directorate
ozonewatch.gsfc.nasa.gov,National Aeronautics and Space Administration,NASA Science Mission Directorate
pace.gsfc.nasa.gov,National Aeronautics and Space Administration,NASA Science Mission Directorate
pandora.gsfc.nasa.gov,National Aeronautics and Space Administration,NASA Science Mission Directorate
parker.gsfc.nasa.gov,National Aeronautics and Space Administration,NASA Science Mission Directorate
partnerships.gsfc.nasa.gov,National Aeronautics and Space Administration,NASA Goddard Space Flight Center
parts.jpl.nasa.gov,National Aeronautics and Space Administration,NASA Jet Propulsion Laboratory
paw.larc.nasa.gov,National Aeronautics and Space Administration,NASA Langley Research Center
pcos.gsfc.nasa.gov,National Aeronautics and Space Administration,NASA Science Mission Directorate
pds.nasa.gov,National Aeronautics and Space Administration,NASA Science Mission Directorate
pds-engineering.jpl.nasa.gov,National Aeronautics and Space Administration,NASA Science Mission Directorate
pds-imaging.jpl.nasa.gov,National Aeronautics and Space Administration,NASA Science Mission Directorate
pgda.gsfc.nasa.gov,National Aeronautics and Space Administration,NASA Science Mission Directorate
phenomorph.arc.nasa.gov,National Aeronautics and Space Administration,NASA Ames Research Center
photojournal.jpl.nasa.gov,National Aeronautics and Space Administration,NASA Science Mission Directorate
phytir.jpl.nasa.gov,National Aeronautics and Space Administration,NASA Science Mission Directorate
planetary.data.nasa.gov,National Aeronautics and Space Administration,NASA Science Mission Directorate
planetary.msfc.nasa.gov,National Aeronautics and Space Administration,NASA Marshall Space Flight Center
planetarydata.jpl.nasa.gov,National Aeronautics and Space Administration,NASA Science Mission Directorate
planetaryprotection.jpl.nasa.gov,National Aeronautics and Space Administration,NASA Jet Propulsion Laboratory
plasmasphere.nasa.gov,National Aeronautics and Space Administration,NASA Marshall Space Flight Center
plot3dout.larc.nasa.gov,National Aeronautics and Space Administration,NASA Langley Research Center
plus.nasa.gov,National Aeronautics and Space Administration,NASA Office of Communications
pmmpublisher.pps.eosdis.nasa.gov,National Aeronautics and Space Administration,NASA Science Mission Directorate
podaac.jpl.nasa.gov,National Aeronautics and Space Administration,NASA Science Mission Directorate
postdocs.jpl.nasa.gov,National Aeronautics and Space Administration,NASA Jet Propulsion Laboratory
power.larc.nasa.gov,National Aeronautics and Space Administration,NASA Science Mission Directorate
prism.jpl.nasa.gov,National Aeronautics and Space Administration,NASA Science Mission Directorate
procure.arc.nasa.gov,National Aeronautics and Space Administration,NASA Ames Research Center
psg.gsfc.nasa.gov,National Aeronautics and Space Administration,NASA Science Mission Directorate
psiuserregistration.ndc.nasa.gov,National Aeronautics and Space Administration,NASA Science Mission Directorate
psrs.arc.nasa.gov,National Aeronautics and Space Administration,NASA Aeronautics Research Mission Directorate
psss.jpl.nasa.gov,National Aeronautics and Space Administration,NASA Science Mission Directorate
public.ksc.nasa.gov,National Aeronautics and Space Administration,NASA Kennedy Space Center
pwg.gsfc.nasa.gov,National Aeronautics and Space Administration,NASA Science Mission Directorate
qaexternal.jpl.nasa.gov,National Aeronautics and Space Administration,NASA Jet Propulsion Laboratory
radiojove.gsfc.nasa.gov,National Aeronautics and Space Administration,NASA Science Mission Directorate
rcmes.jpl.nasa.gov,National Aeronautics and Space Administration,NASA Science Mission Directorate
reentry.arc.nasa.gov,National Aeronautics and Space Administration,NASA Ames Research Center
registration.pps.eosdis.nasa.gov,National Aeronautics and Space Administration,NASA Science Mission Directorate
request.hec.nasa.gov,National Aeronautics and Space Administration,NASA Science Mission Directorate
researchdirectorate.larc.nasa.gov,National Aeronautics and Space Administration,NASA Langley Research Center
robotics.jpl.nasa.gov,National Aeronautics and Space Administration,NASA Jet Propulsion Laboratory
robotics.nasa.gov,National Aeronautics and Space Administration,NASA Johnson Space Center
rocketsciencec2e.ksc.nasa.gov,National Aeronautics and Space Administration,NASA Kennedy Space Center
roman.gsfc.nasa.gov,National Aeronautics and Space Administration,NASA Science Mission Directorate
rotorcraft.arc.nasa.gov,National Aeronautics and Space Administration,NASA Aeronautics Research Mission Directorate
rscience.gsfc.nasa.gov,National Aeronautics and Space Administration,NASA Goddard Space Flight Center
russellranch.jpl.nasa.gov,National Aeronautics and Space Administration,NASA Science Mission Directorate
s3vi.ndc.nasa.gov,National Aeronautics and Space Administration,NASA Space Technology Mission Directorate
sacd.larc.nasa.gov,National Aeronautics and Space Administration,NASA Langley Research Center
sage.nasa.gov,National Aeronautics and Space Administration,NASA Science Mission Directorate
saltonsea.jpl.nasa.gov,National Aeronautics and Space Administration,NASA Science Mission Directorate
sams.grc.nasa.gov,National Aeronautics and Space Administration,NASA Glenn Research Center
satern.nasa.gov,National Aeronautics and Space Administration,NASA Office of the Chief Human Capital Officer
sbg.jpl.nasa.gov,National Aeronautics and Space Administration,NASA Science Mission Directorate
sbuv.gsfc.nasa.gov,National Aeronautics and Space Administration,NASA Goddard Space Flight Center
scan-now.gsfc.nasa.gov,National Aeronautics and Space Administration,NASA Space Operations Mission Directorate
scicolloq.gsfc.nasa.gov,National Aeronautics and Space Administration,NASA Goddard Space Flight Center
science.data.nasa.gov,National Aeronautics and Space Administration,NASA Science Mission Directorate
science.gsfc.nasa.gov,National Aeronautics and Space Administration,NASA Goddard Space Flight Center
science.jpl.nasa.gov,National Aeronautics and Space Administration,NASA Jet Propulsion Laboratory
science.larc.nasa.gov,National Aeronautics and Space Administration,NASA Langley Research Center
science.nasa.gov,National Aeronautics and Space Administration,NASA Science Mission Directorate
sciencecareers.apps.nasa.gov,National Aeronautics and Space Administration,NASA Science Mission Directorate
science-data.larc.nasa.gov,National Aeronautics and Space Administration,NASA Science Mission Directorate
sciencediscoveryengine.nasa.gov,National Aeronautics and Space Administration,NASA Science Mission Directorate
sciencetalks.jpl.nasa.gov,National Aeronautics and Space Administration,NASA Jet Propulsion Laboratory
scifli.larc.nasa.gov,National Aeronautics and Space Administration,NASA Langley Research Center
scijinks.gov,National Aeronautics and Space Administration,NASA Jet Propulsion Laboratory
scool.larc.nasa.gov,National Aeronautics and Space Administration,NASA Science Mission Directorate
sdo.gsfc.nasa.gov,National Aeronautics and Space Administration,NASA Science Mission Directorate
seabass.gsfc.nasa.gov,National Aeronautics and Space Administration,NASA Science Mission Directorate
seadas.gsfc.nasa.gov,National Aeronautics and Space Administration,NASA Science Mission Directorate
sealevel.jpl.nasa.gov,National Aeronautics and Space Administration,NASA Science Mission Directorate
sealevel.nasa.gov,National Aeronautics and Space Administration,NASA Science Mission Directorate
sealevel-nexus.jpl.nasa.gov,National Aeronautics and Space Administration,NASA Science Mission Directorate
search.earthdata.nasa.gov,National Aeronautics and Space Administration,NASA Science Mission Directorate
searchpub.nssc.nasa.gov,National Aeronautics and Space Administration,NASA Stennis Space Center
seawifs.gsfc.nasa.gov,National Aeronautics and Space Administration,NASA Science Mission Directorate
sec353ext.jpl.nasa.gov,National Aeronautics and Space Administration,NASA Jet Propulsion Laboratory
seec.gsfc.nasa.gov,National Aeronautics and Space Administration,NASA Science Mission Directorate
seniorfellows.gsfc.nasa.gov,National Aeronautics and Space Administration,NASA Goddard Space Flight Center
sep.ccmc.gsfc.nasa.gov,National Aeronautics and Space Administration,NASA Science Mission Directorate
sewp.nasa.gov,National Aeronautics and Space Administration,NASA Office of Procurement
sfa.jsc.nasa.gov,National Aeronautics and Space Administration,NASA Space Operations Mission Directorate
shapememory.grc.nasa.gov,National Aeronautics and Space Administration,NASA Glenn Research Center
shemesh.larc.nasa.gov,National Aeronautics and Space Administration,NASA Langley Research Center
simplex.giss.nasa.gov,National Aeronautics and Space Administration,NASA Science Mission Directorate
sites.wff.nasa.gov,National Aeronautics and Space Administration,NASA Goddard Space Flight Center
skyview.gsfc.nasa.gov,National Aeronautics and Space Administration,NASA Science Mission Directorate
sma.gsfc.nasa.gov,National Aeronautics and Space Administration,NASA Goddard Space Flight Center
sma.nasa.gov,National Aeronautics and Space Administration,NASA Office of Safety and Mission Assurance
smallsat.wff.nasa.gov,National Aeronautics and Space Administration,NASA Goddard Space Flight Center
smap.jpl.nasa.gov,National Aeronautics and Space Administration,NASA Science Mission Directorate
snow.nasa.gov,National Aeronautics and Space Administration,NASA Science Mission Directorate
so2.gsfc.nasa.gov,National Aeronautics and Space Administration,NASA Science Mission Directorate
socialforms.nasa.gov,National Aeronautics and Space Administration,NASA Office of Communications
software.nasa.gov,National Aeronautics and Space Administration,NASA Space Technology Mission Directorate
soho.nascom.nasa.gov,National Aeronautics and Space Administration,NASA Science Mission Directorate
solarscience.msfc.nasa.gov,National Aeronautics and Space Administration,NASA Science Mission Directorate
solarsystem.nasa.gov,National Aeronautics and Space Administration,NASA Science Mission Directorate
solc.gsfc.nasa.gov,National Aeronautics and Space Administration,NASA Science Mission Directorate
soma.larc.nasa.gov,National Aeronautics and Space Administration,NASA Science Mission Directorate
soto.podaac.earthdatacloud.nasa.gov,National Aeronautics and Space Administration,NASA Science Mission Directorate
space.jpl.nasa.gov,National Aeronautics and Space Administration,NASA Jet Propulsion Laboratory
space-geodesy.nasa.gov,National Aeronautics and Space Administration,NASA Science Mission Directorate
spacemath.gsfc.nasa.gov,National Aeronautics and Space Administration,NASA Science Mission Directorate
spaceplace.nasa.gov,National Aeronautics and Space Administration,NASA Science Mission Directorate
spaceradiation.larc.nasa.gov,National Aeronautics and Space Administration,NASA Langley Research Center
spacescience.msfc.nasa.gov,National Aeronautics and Space Administration,NASA Marshall Space Flight Center
spacesounds.msfc.nasa.gov,National Aeronautics and Space Administration,NASA Marshall Space Flight Center
spdf.gsfc.nasa.gov,National Aeronautics and Space Administration,NASA Science Mission Directorate
spec.jpl.nasa.gov,National Aeronautics and Space Administration,NASA Science Mission Directorate
speclib.jpl.nasa.gov,National Aeronautics and Space Administration,NASA Science Mission Directorate
spinoff.nasa.gov,National Aeronautics and Space Administration,NASA Space Technology Mission Directorate
spsweb.fltops.jpl.nasa.gov,National Aeronautics and Space Administration,NASA Jet Propulsion Laboratory
srag.jsc.nasa.gov,National Aeronautics and Space Administration,NASA Johnson Space Center
srag-msrem.jsc.nasa.gov,National Aeronautics and Space Administration,NASA Johnson Space Center
ssctdpub.ssc.nasa.gov,National Aeronautics and Space Administration,NASA Stennis Space Center
sscweb.gsfc.nasa.gov,National Aeronautics and Space Administration,NASA Science Mission Directorate
sscwebpub.ssc.nasa.gov,National Aeronautics and Space Administration,NASA Stennis Space Center
ssd.jpl.nasa.gov,National Aeronautics and Space Administration,NASA Science Mission Directorate
ssed.gsfc.nasa.gov,National Aeronautics and Space Administration,NASA Science Mission Directorate
sservi.nasa.gov,National Aeronautics and Space Administration,NASA Science Mission Directorate
ssfl.msfc.nasa.gov,National Aeronautics and Space Administration,NASA Marshall Space Flight Center
stab.larc.nasa.gov,National Aeronautics and Space Administration,NASA Langley Research Center
stabserv.larc.nasa.gov,National Aeronautics and Space Administration,NASA Langley Research Center
standards.nasa.gov,National Aeronautics and Space Administration,NASA Office of the Chief Engineer
starchild.gsfc.nasa.gov,National Aeronautics and Space Administration,NASA Science Mission Directorate
status.earthdata.nasa.gov,National Aeronautics and Space Administration,NASA Science Mission Directorate
stemgateway.nasa.gov,National Aeronautics and Space Administration,NASA Office of STEM Engagement
stereo.gsfc.nasa.gov,National Aeronautics and Space Administration,NASA Science Mission Directorate
stereo-ssc.nascom.nasa.gov,National Aeronautics and Space Administration,NASA Science Mission Directorate
sti.nasa.gov,National Aeronautics and Space Administration,NASA Office of the Chief Information Officer
storm.pps.eosdis.nasa.gov,National Aeronautics and Space Administration,NASA Science Mission Directorate
stp.gsfc.nasa.gov,National Aeronautics and Space Administration,NASA Goddard Space Flight Center
strs.grc.nasa.gov,National Aeronautics and Space Administration,NASA Glenn Research Center
subset.larc.nasa.gov,National Aeronautics and Space Administration,NASA Science Mission Directorate
sunclimate.gsfc.nasa.gov,National Aeronautics and Space Administration,NASA Science Mission Directorate
supplierportal.jpl.nasa.gov,National Aeronautics and Space Administration,NASA Jet Propulsion Laboratory
survey.larc.nasa.gov,National Aeronautics and Space Administration,NASA Langley Research Center
svs.gsfc.nasa.gov,National Aeronautics and Space Administration,NASA Science Mission Directorate
swehb.nasa.gov,National Aeronautics and Space Administration,NASA Marshall Space Flight Center
sw-eng.larc.nasa.gov,National Aeronautics and Space Administration,NASA Langley Research Center
swift.gsfc.nasa.gov,National Aeronautics and Space Administration,NASA Science Mission Directorate
swot.jpl.nasa.gov,National Aeronautics and Space Administration,NASA Science Mission Directorate
tdglobal.ksc.nasa.gov,National Aeronautics and Space Administration,NASA Kennedy Space Center
technology.nasa.gov,National Aeronautics and Space Administration,NASA Space Technology Mission Directorate
technology-api.ndc.nasa.gov,National Aeronautics and Space Administration,NASA Space Technology Mission Directorate
techport.nasa.gov,National Aeronautics and Space Administration,NASA Space Technology Mission Directorate
terra.nasa.gov,National Aeronautics and Space Administration,NASA Science Mission Directorate
tes.jpl.nasa.gov,National Aeronautics and Space Administration,NASA Science Mission Directorate
tetruss.larc.nasa.gov,National Aeronautics and Space Administration,NASA Langley Research Center
tfaws.nasa.gov,National Aeronautics and Space Administration,NASA Glenn Research Center
three.jsc.nasa.gov,National Aeronautics and Space Administration,NASA Space Operations Mission Directorate
thunder.jpl.nasa.gov,National Aeronautics and Space Administration,NASA Science Mission Directorate
ti.arc.nasa.gov,National Aeronautics and Space Administration,NASA Ames Research Center
tmf.jpl.nasa.gov,National Aeronautics and Space Administration,NASA Jet Propulsion Laboratory
toastmasters.gsfc.nasa.gov,National Aeronautics and Space Administration,NASA Goddard Space Flight Center
tolnet.larc.nasa.gov,National Aeronautics and Space Administration,NASA Science Mission Directorate
tours.jpl.nasa.gov,National Aeronautics and Space Administration,NASA Jet Propulsion Laboratory
towerfts.csbf.nasa.gov,National Aeronautics and Space Administration,NASA Science Mission Directorate
tpsx.arc.nasa.gov,National Aeronautics and Space Administration,NASA Ames Research Center
trajbrowser.arc.nasa.gov,National Aeronautics and Space Administration,NASA Ames Research Center
transitionmodeling.larc.nasa.gov,National Aeronautics and Space Administration,NASA Langley Research Center
trek.msfc.nasa.gov,National Aeronautics and Space Administration,NASA Marshall Space Flight Center
trek.nasa.gov,National Aeronautics and Space Administration,NASA Science Mission Directorate
trmm-fc.gsfc.nasa.gov,National Aeronautics and Space Administration,NASA Science Mission Directorate
tropicalcyclone.jpl.nasa.gov,National Aeronautics and Space Administration,NASA Science Mission Directorate
tropo.gsfc.nasa.gov,National Aeronautics and Space Administration,NASA Science Mission Directorate
tsc.jsc.nasa.gov,National Aeronautics and Space Administration,NASA Johnson Space Center
turbmodels.larc.nasa.gov,National Aeronautics and Space Administration,NASA Langley Research Center
uars.gsfc.nasa.gov,National Aeronautics and Space Administration,NASA Science Mission Directorate
uavsar.jpl.nasa.gov,National Aeronautics and Space Administration,NASA Science Mission Directorate
umbra.nascom.nasa.gov,National Aeronautics and Space Administration,NASA Science Mission Directorate
uq.jpl.nasa.gov,National Aeronautics and Space Administration,NASA Jet Propulsion Laboratory
uqtools.larc.nasa.gov,National Aeronautics and Space Administration,NASA Langley Research Center
urban.jpl.nasa.gov,National Aeronautics and Space Administration,NASA Jet Propulsion Laboratory
urs.earthdata.nasa.gov,National Aeronautics and Space Administration,NASA Science Mission Directorate
usgeo.gov,National Aeronautics and Space Administration,NASA Science Mission Directorate
vefi.gsfc.nasa.gov,National Aeronautics and Space Administration,NASA Goddard Space Flight Center
vesl.jpl.nasa.gov,National Aeronautics and Space Administration,NASA Science Mission Directorate
vgm.larc.nasa.gov,National Aeronautics and Space Administration,NASA Langley Research Center
viirsland.gsfc.nasa.gov,National Aeronautics and Space Administration,NASA Science Mission Directorate
vis.globe.gov,National Aeronautics and Space Administration,NASA Science Mission Directorate
visibleearth.nasa.gov,National Aeronautics and Space Administration,NASA Science Mission Directorate
voyager.gsfc.nasa.gov,National Aeronautics and Space Administration,NASA Science Mission Directorate
voyager.jpl.nasa.gov,National Aeronautics and Space Administration,NASA Jet Propulsion Laboratory
vso.nascom.nasa.gov,National Aeronautics and Space Administration,NASA Science Mission Directorate
vspu.larc.nasa.gov,National Aeronautics and Space Administration,NASA Langley Research Center
vulcan-cfd.larc.nasa.gov,National Aeronautics and Space Administration,NASA Langley Research Center
wallops-prf.gsfc.nasa.gov,National Aeronautics and Space Administration,NASA Science Mission Directorate
weather.dfrc.nasa.gov,National Aeronautics and Space Administration,NASA Armstrong Flight Research Center
weather.ndc.nasa.gov,National Aeronautics and Space Administration,NASA Marshall Space Flight Center
webb.nasa.gov,National Aeronautics and Space Administration,NASA Science Mission Directorate
webdisks.jpl.nasa.gov,National Aeronautics and Space Administration,NASA Jet Propulsion Laboratory
webtools.ccmc.gsfc.nasa.gov,National Aeronautics and Space Administration,NASA Science Mission Directorate
wetlands.jpl.nasa.gov,National Aeronautics and Space Administration,NASA Jet Propulsion Laboratory
wfc3.gsfc.nasa.gov,National Aeronautics and Space Administration,NASA Science Mission Directorate
wgc.jpl.nasa.gov,National Aeronautics and Space Administration,NASA Science Mission Directorate
wgc2.jpl.nasa.gov,National Aeronautics and Space Administration,NASA Science Mission Directorate
wind.nasa.gov,National Aeronautics and Space Administration,NASA Science Mission Directorate
winvicar.jpl.nasa.gov,National Aeronautics and Space Administration,NASA Science Mission Directorate
women.jpl.nasa.gov,National Aeronautics and Space Administration,NASA Jet Propulsion Laboratory
worldview.earthdata.nasa.gov,National Aeronautics and Space Administration,NASA Science Mission Directorate
worldwind.arc.nasa.gov,National Aeronautics and Space Administration,NASA Ames Research Center
wow.jpl.nasa.gov,National Aeronautics and Space Administration,NASA Science Mission Directorate
wvs.earthdata.nasa.gov,National Aeronautics and Space Administration,NASA Science Mission Directorate
wwao.jpl.nasa.gov,National Aeronautics and Space Administration,NASA Science Mission Directorate
www1.grc.nasa.gov,National Aeronautics and Space Administration,NASA Glenn Research Center
www3.nasa.gov,National Aeronautics and Space Administration,NASA Office of the Chief Information Officer
www-air.larc.nasa.gov,National Aeronautics and Space Administration,NASA Science Mission Directorate
www-calipso.larc.nasa.gov,National Aeronautics and Space Administration,NASA Science Mission Directorate
www-gte.larc.nasa.gov,National Aeronautics and Space Administration,NASA Science Mission Directorate
xanth.nsstc.nasa.gov,National Aeronautics and Space Administration,NASA Marshall Space Flight Center
