Website,Agency,Bureau,Subcomponent
content-guide.18f.gov,General Services Administration,"GSA,FAS,Technology Transformation Service",
acquisition.gov,General Services Administration,"GSA, IC, Acquisition",
accessibility.18f.gov,General Services Administration,"GSA,FAS,Technology Transformation Service",
all-sorns.app.cloud.gov,General Services Administration,"GSA,FAS,Technology Transformation Service",
fec-feature-cms.app.cloud.gov,General Services Administration,"GSA,FAS,Technology Transformation Service",
fedpay.gsa.gov,General Services Administration,"GSA, IDI, ECAS II",
10x.gsa.gov,General Services Administration,"GSA, IDI, ECAS II",
data.permits.performance.gov,General Services Administration,"GSA,FAS,Technology Transformation Service",
18f.gsa.gov,General Services Administration,"GSA, IDI, ECAS II",
coe.gsa.gov,General Services Administration,"GSA, IDI, ECAS II",
fedramp.gov,General Services Administration,"GSA,FAS,Technology Transformation Service",
gsaadvantage-test2.fas.gsa.gov,General Services Administration,"GSA, IDI, ECAS II",
gsaadvantage-test3.fas.gsa.gov,General Services Administration,"GSA, IDI, ECAS II",
gsbca.gsa.gov,General Services Administration,"GSA, IDI, ECAS II",
gsaelibrary.gsa.gov,General Services Administration,"GSA, IDI, ECAS II",
gsaglobalsupply.gsa.gov,General Services Administration,"GSA, IDI, ECAS II",
paymentaccuracy.gov,General Services Administration,General Services Administration,
oes.gsa.gov,General Services Administration,"GSA, IDI, ECAS II",
navigator.gsa.gov,General Services Administration,"GSA, IDI, ECAS II",
gsaxcesspractice.fas.gsa.gov,General Services Administration,"GSA, IDI, ECAS II",
fcsm.gov,General Services Administration,General Services Administration ,
training.smartpay.gsa.gov,General Services Administration,"GSA, IDI, ECAS II",
smartpay.gsa.gov,General Services Administration,"GSA, IDI, ECAS II",
gsbca2.gsa.gov,General Services Administration,"GSA, IDI, ECAS II",
str.gsa.gov,General Services Administration,"GSA, IDI, ECAS II",
tscportal.fas.gsa.gov,General Services Administration,"GSA, IDI, ECAS II",
itdashboard.gov,General Services Administration,"GSA, Office of Government-wide Policy",
aas.gsa.gov,General Services Administration,"GSA, IDI, ECAS II",
epay.fas.gsa.gov,General Services Administration,"GSA, IDI, ECAS II",
spdatawarehouse.gsa.gov,General Services Administration,"GSA, IDI, ECAS II",
soa-ext.fas.gsa.gov,General Services Administration,"GSA, IDI, ECAS II",
portal.eos.gsa.gov,General Services Administration,"GSA, IDI, ECAS II",
gsasolutionssecure.gsa.gov,General Services Administration,"GSA, IDI, ECAS II",
ncportalt.fas.gsa.gov,General Services Administration,"GSA, IDI, ECAS II",
ussm.gsa.gov,General Services Administration,"GSA, IDI, ECAS II",
leasing.gsa.gov,General Services Administration,"GSA, IDI, ECAS II",
corporateapps.gsa.gov,General Services Administration,"GSA, IDI, ECAS II",
fdms.gov,General Services Administration,"GSA, IQ, eRulemaking",
mysales.fas.gsa.gov,General Services Administration,"GSA, IDI, ECAS II",
srp.fas.gsa.gov,General Services Administration,"GSA, IDI, ECAS II",
ppms.gov,General Services Administration,General Services Administration,
gsafcu.gsa.gov,General Services Administration,"GSA, IDI, ECAS II",
tams.gsa.gov,General Services Administration,"GSA, IDI, ECAS II",
ncportal.fas.gsa.gov,General Services Administration,"GSA, IDI, ECAS II",
r2.gsa.gov,General Services Administration,"GSA, IDI, ECAS II",
tech.gsa.gov,General Services Administration,"GSA, IDI, ECAS II",
mysalesb.fas.gsa.gov,General Services Administration,"GSA, IDI, ECAS II",
gsafleet.gov,General Services Administration,General Services Administration,
support.gsaig.gov,General Services Administration,GSA Office of Inspector General,
webshop.gsa.gov,General Services Administration,"GSA, IDI, ECAS II",
listserv.gsa.gov,General Services Administration,"GSA, IDI, ECAS II",
fellows-in-innovation.pif.gov,General Services Administration,"GSA,FAS,Technology Transformation Service",
feedback.usa.gov,General Services Administration,"GSA,FAS,Technology Transformation Service",
usa.gov,General Services Administration,"GSA,FAS,Technology Transformation Service",
reporting.gov,General Services Administration,"GSA, IDI, EAS-SF",
performance.gov,General Services Administration,"GSA,FAS,Technology Transformation Service",
open.usa.gov,General Services Administration,"GSA,FAS,Technology Transformation Service",
plainlanguage.gov,General Services Administration,"GSA,FAS,Technology Transformation Service",
sam.gov,General Services Administration,"GSA, FAS, System for Award Management",
esrs.gov,General Services Administration,"GSA, FAS, System for Award Management",
derisking-guide.18f.gov,General Services Administration,"GSA,FAS,Technology Transformation Service",
fpds.gov,General Services Administration,"GSA, IQ-FPDS-FPDS Portal",
finance.ocfo.gsa.gov,General Services Administration,"GSA, IDI, ECAS II",
fpc.gov,General Services Administration,"GSA, TTS, Federalist",
afadvantage.gov,General Services Administration,"GSA, FAS, Advantage",
secureauth.gsa.gov,General Services Administration,"GSA, IDI, ECAS II",
fairs.reporting.gov,General Services Administration,"GSA, IDI, EAS-SF",
developers.login.gov,General Services Administration,"GSA,FAS,Technology Transformation Service",
property.reporting.gov,General Services Administration,"GSA, IDI, EAS-SF",
travel.reporting.gov,General Services Administration,"GSA, IDI, EAS-SF",
inventory.data.gov,General Services Administration,"GSA,FAS,Technology Transformation Service",
api.sam.gov,General Services Administration,"GSA, FAS, System for Award Management",
playbook.cio.gov,General Services Administration,"GSA, CIO.GOV",
cio.gov,General Services Administration,"GSA, CIO.GOV",
obamaadministration.archives.performance.gov,General Services Administration,"GSA,FAS,Technology Transformation Service",
trumpadministration.archives.performance.gov,General Services Administration,"GSA,FAS,Technology Transformation Service",
project-open-data.cio.gov,General Services Administration,"GSA, CIO.GOV",
conexus-cert.gsa.gov,General Services Administration,"GSA, IDI, ECAS II",
panthers.app.cloud.gov,General Services Administration,"GSA,FAS,Technology Transformation Service",
pages.cloud.gov,General Services Administration,"GSA,FAS,Technology Transformation Service",
dashboard.int.identitysandbox.gov,General Services Administration,"GSA,FAS,Technology Transformation Service",
mia-django-devops.app.cloud.gov,General Services Administration,"GSA,FAS,Technology Transformation Service",
fac-prod.app.cloud.gov,General Services Administration,"GSA,FAS,Technology Transformation Service",
idp.sujana09.identitysandbox.gov,General Services Administration,"GSA,FAS,Technology Transformation Service",
idp.mww59.identitysandbox.gov,General Services Administration,"GSA,FAS,Technology Transformation Service",
cbca.gov,General Services Administration,Civilian Board of Contract Appeals,
vote.gov,General Services Administration,"GSA,FAS,Technology Transformation Service",
d2d.gsa.gov,General Services Administration,"GSA, IDI, ECAS II",
hallways.cap.gsa.gov,General Services Administration,"GSA, IDI, ECAS II",
phdc-pub.gsa.gov,General Services Administration,"GSA, IDI, ECAS II",
gsaadvantage-cors.fas.gsa.gov,General Services Administration,"GSA, IDI, ECAS II",
evaluation.gov,General Services Administration,Office of Government-wide Policy,
alpha.cpars.gov,General Services Administration,"GSA, FAS, System for Award Management",
afm.fmi.gov,General Services Administration,"GSA, IC, OGP WebPortfolio",
fac-preview.app.cloud.gov,General Services Administration,"GSA,FAS,Technology Transformation Service",
publiccourts.gsa.gov,General Services Administration,"GSA, IDI, ECAS II",
labs.gsa.gov,General Services Administration,"GSA, IDI, ECAS II",
idp.vivek.identitysandbox.gov,General Services Administration,"GSA,FAS,Technology Transformation Service",
tmss.preprod-acqit.helix.gsa.gov,General Services Administration,"GSA, IDI, ECAS II",
handbook.tts.gsa.gov,General Services Administration,"GSA, IDI, ECAS II",
tams.preprod.gsa.gov,General Services Administration,"GSA, IDI, ECAS II",
pfabankfindui-d.app.cloud.gov,General Services Administration,"GSA,FAS,Technology Transformation Service",
scopereview.gsa.gov,General Services Administration,"GSA, IDI, ECAS II",
pfabankapi-q.app.cloud.gov,General Services Administration,"GSA,FAS,Technology Transformation Service",
agile.18f.gov,General Services Administration,"GSA,FAS,Technology Transformation Service",
product-guide.18f.gov,General Services Administration,"GSA,FAS,Technology Transformation Service",
tstservice.fsd.gov,General Services Administration,"GSA, IQ-FSD-FSD Portal",
code.gov,General Services Administration,"GSA,FAS,Technology Transformation Service",
pfabankui-q.app.cloud.gov,General Services Administration,"GSA,FAS,Technology Transformation Service",
contractdirectory.gov,General Services Administration,"GSA, FAS, FPDS",
cpars.gov,General Services Administration,"GSA, FAS, System for Award Management",
catalog.data.gov,General Services Administration,"GSA,FAS,Technology Transformation Service",
fai.gov,General Services Administration,"GSA, IC, FAI",
app.fac.gov,General Services Administration,"GSA,FAS,Technology Transformation Service",
api.data.gov,General Services Administration,"GSA,FAS,Technology Transformation Service",
data.gov,General Services Administration,"GSA,FAS,Technology Transformation Service",
sdg.data.gov,General Services Administration,"GSA,FAS,Technology Transformation Service",
federation.data.gov,General Services Administration,"GSA,FAS,Technology Transformation Service",
resources.data.gov,General Services Administration,"GSA,FAS,Technology Transformation Service",
strategy.data.gov,General Services Administration,"GSA,FAS,Technology Transformation Service",
login.fr.cloud.gov,General Services Administration,"GSA,FAS,Technology Transformation Service",
tmf.cio.gov,General Services Administration,"GSA, CIO.GOV",
preview-onrr-frontend.app.cloud.gov,General Services Administration,"GSA,FAS,Technology Transformation Service",
gsaauctions.gov,General Services Administration,"GSA, IQ-SASy-GSAAuctions",
permits.performance.gov,General Services Administration,"GSA,FAS,Technology Transformation Service",
gsaig.gov,General Services Administration,GSA Office of Inspector General,
idmanagement.gov,General Services Administration,"GSA, IC, OGP Web Portfolio",
training.reginfo.gov,General Services Administration,"GSA, IC, ROCIS",
rocis.gov,General Services Administration,"GSA, IC, ROCIS",
fac.gov,General Services Administration,"GSA,FAS,Technology Transformation Service",
wits3-public-pricer.eos.gsa.gov,General Services Administration,"GSA, IDI, ECAS II",
fsrs.gov,General Services Administration,"GSA, IQ-ESRS-FSRS",
sorndashboard.fpc.gov,General Services Administration,"GSA, TTS, Federalist",
fpki.gov,General Services Administration,"GSA, Q-FPKI",
public-sans.digital.gov,General Services Administration,"GSA,FAS,Technology Transformation Service",
digitaldashboard.gov,General Services Administration,"GSA, IC, OGP Web Portfolio",
digital.gov,General Services Administration,"GSA,FAS,Technology Transformation Service",
designsystem.digital.gov,General Services Administration,"GSA,FAS,Technology Transformation Service",
pra.digital.gov,General Services Administration,"GSA,FAS,Technology Transformation Service",
accessibility.digital.gov,General Services Administration,"GSA,FAS,Technology Transformation Service",
touchpoints.digital.gov,General Services Administration,"GSA,FAS,Technology Transformation Service",
v1.designsystem.digital.gov,General Services Administration,"GSA,FAS,Technology Transformation Service",
legacy.digitaldashboard.gov,General Services Administration,"GSA, IC, OGP Web Portfolio",
govloans.gov,General Services Administration,Office of the Chief Information Officer,
autoauctions.gsa.gov,General Services Administration,"GSA, IDI, ECAS II",
ncr.anywhere.gsa.gov,General Services Administration,"GSA, IDI, ECAS II",
cic.gsa.gov,General Services Administration,"GSA, IDI, ECAS II",
fleetd.gsa.gov,General Services Administration,"GSA, IDI, ECAS II",
cpars.cpars.gov,General Services Administration,"GSA, FAS, System for Award Management",
889.smartpay.gsa.gov,General Services Administration,"GSA, IDI, ECAS II",
pfabankapi.app.cloud.gov,General Services Administration,"GSA,FAS,Technology Transformation Service",
labs.usa.gov,General Services Administration,"GSA,FAS,Technology Transformation Service",
autovendor.fas.gsa.gov,General Services Administration,"GSA, IDI, ECAS II",
analytics.usa.gov,General Services Administration,"GSA,FAS,Technology Transformation Service",
anywhere.gsa.gov,General Services Administration,"GSA, IDI, ECAS II",
benefits-tool.usa.gov,General Services Administration,"GSA,FAS,Technology Transformation Service",
blog.usa.gov,General Services Administration,"GSA,FAS,Technology Transformation Service",
usability.gov,General Services Administration,General Services Administration,
ack.usaccess.gsa.gov,General Services Administration,"GSA, IDI, ECAS II",
secure.login.gov,General Services Administration,"GSA,FAS,Technology Transformation Service",
ask.gsa.gov,General Services Administration,"GSA, IDI, ECAS II",
conexus.gsa.gov,General Services Administration,"GSA, IDI, ECAS II",
eoffer-test2.fas.gsa.gov,General Services Administration,"GSA, IDI, ECAS II",
aspdotnetstorefront.webshopt.fas.gsa.gov,General Services Administration,"GSA, IDI, ECAS II",
art.gsa.gov,General Services Administration,"GSA, IDI, ECAS II",
buy.gsa.gov,General Services Administration,"GSA, IDI, ECAS II",
doi-extractives-data.app.cloud.gov,General Services Administration,"GSA,FAS,Technology Transformation Service",
cmls.gsa.gov,General Services Administration,"GSA, IDI, ECAS II",
cloud.gov,General Services Administration,"GSA,FAS,Technology Transformation Service",
emorris.fasbilling.gsa.gov,General Services Administration,"GSA, IDI, ECAS II",
content.gsaadvantage.fas.gsa.gov,General Services Administration,"GSA, IDI, ECAS II",
marketplace.fedramp.gov,General Services Administration,"GSA,FAS,Technology Transformation Service",
ebuy.gsa.gov,General Services Administration,"GSA, IDI, ECAS II",
dhsadvantage.gsa.gov,General Services Administration,"GSA, IDI, ECAS II",
etsvendorsales.gsa.gov,General Services Administration,"GSA, IDI, ECAS II",
computersforlearning.gov,General Services Administration,"GSA, FAS, ClearPath",
fleetb.gsa.gov,General Services Administration,"GSA, IDI, ECAS II",
fleet.gsa.gov,General Services Administration,"GSA, IDI, ECAS II",
extcws.fas.gsa.gov,General Services Administration,"GSA, IDI, ECAS II",
fedsim.gsa.gov,General Services Administration,"GSA, IDI, ECAS II",
ftp.gsa.gov,General Services Administration,"GSA, IDI, ECAS II",
cowboys.app.cloud.gov,General Services Administration,"GSA,FAS,Technology Transformation Service",
ssabest.benefits.gov,General Services Administration,Office of the Chief Information Officer,
login.gov,General Services Administration,"GSA,FAS,Technology Transformation Service",
portal.usaccess.gsa.gov,General Services Administration,"GSA, IDI, ECAS II",
alpha2.sam.gov,General Services Administration,"GSA, FAS, System for Award Management",
alpha.sam.gov,General Services Administration,"GSA, FAS, System for Award Management",
aacinquiry.fas.gsa.gov,General Services Administration,"GSA, IDI, ECAS II",
cpsearch.fas.gsa.gov,General Services Administration,"GSA, IDI, ECAS II",
apps.ocfo.gsa.gov,General Services Administration,"GSA, IDI, ECAS II",
catalog.gsa.gov,General Services Administration,"GSA, IDI, ECAS II",
benefits-tool-beta.usa.gov,General Services Administration,"GSA,FAS,Technology Transformation Service",
calm.gsa.gov,General Services Administration,"GSA, IDI, ECAS II",
fleetautoauctions.gsa.gov,General Services Administration,"GSA, IDI, ECAS II",
api-alpha.sam.gov,General Services Administration,"GSA, FAS, System for Award Management",
ret.gsa.gov,General Services Administration,"GSA, IDI, ECAS II",
ithelp.gsa.gov,General Services Administration,"GSA, IDI, ECAS II",
rap.usaccess.gsa.gov,General Services Administration,"GSA, IDI, ECAS II",
services.usaccess.gsa.gov,General Services Administration,"GSA, IDI, ECAS II",
usmcservmart.gsa.gov,General Services Administration,"GSA, IDI, ECAS II",
statspolicy.gov,General Services Administration,General Services Administration ,
go.usa.gov,General Services Administration,"GSA,FAS,Technology Transformation Service",
compliance-viewer.18f.gov,General Services Administration,"GSA,FAS,Technology Transformation Service",
login.acquisition.gov,General Services Administration,"GSA, IC, Acquisition",
api.benefits.gov,General Services Administration,Office of the Chief Information Officer,
cloud.cio.gov,General Services Administration,"GSA, CIO.GOV",
citizenscience.gov,General Services Administration,"GSA,FAS,Technology Transformation Service",
reginfo.gov,General Services Administration,"GSA, IC, ROCIS",
presidentialinnovationfellows.gov,General Services Administration,"GSA,FAS,Technology Transformation Service",
sbst.gov,General Services Administration,"GSA,FAS,Technology Transformation Service",
challenge.gov,General Services Administration,"GSA,FAS,Technology Transformation Service",
fsd.gov,General Services Administration,"GSA, IQ-FSD-FSD Portal",
atf-eregs.app.cloud.gov,General Services Administration,"GSA,FAS,Technology Transformation Service",
training.rocis.gov,General Services Administration,"GSA, IC, ROCIS",
air663.app.cloud.gov,General Services Administration,"GSA,FAS,Technology Transformation Service",
cobra.app.cloud.gov,General Services Administration,"GSA,FAS,Technology Transformation Service",
pfabankui-d.app.cloud.gov,General Services Administration,"GSA,FAS,Technology Transformation Service",
realpropertyprofile.gov,General Services Administration,"GSA, IDI,EAS",
analytics.app.cloud.gov,General Services Administration,"GSA,FAS,Technology Transformation Service",
mia-django-develop.app.cloud.gov,General Services Administration,"GSA,FAS,Technology Transformation Service",
mywaterway-prod.app.cloud.gov,General Services Administration,"GSA,FAS,Technology Transformation Service",
pfabankfindui.app.cloud.gov,General Services Administration,"GSA,FAS,Technology Transformation Service",
regulations.gov,General Services Administration,"GSA, IQ, eRulemaking",
section508.gov,General Services Administration,"GSA, IC, OGP Web Portfolio",
prod-onrr-frontend.app.cloud.gov,General Services Administration,"GSA,FAS,Technology Transformation Service",
pfabankapi-d.app.cloud.gov,General Services Administration,"GSA,FAS,Technology Transformation Service",
facadatabase.gov,General Services Administration,"GSA, IDI, Enterprise Application Services",
beta.fpds.gov,General Services Administration,"GSA, IQ-FPDS-FPDS Portal",
mobile.reginfo.gov,General Services Administration,"GSA, IC, ROCIS",
airnow-green.app.cloud.gov,General Services Administration,"GSA,FAS,Technology Transformation Service",
search.gov,General Services Administration,"GSA,FAS,Technology Transformation Service",
cdo.gov,General Services Administration,General Services Administration,
connect.usa.gov,General Services Administration,"GSA,FAS,Technology Transformation Service",
eis-public-pricer.eos.gsa.gov,General Services Administration,"GSA, IDI, ECAS II",
620forecasts.app.cloud.gov,General Services Administration,"GSA,FAS,Technology Transformation Service",
pfabankfindui-q.app.cloud.gov,General Services Administration,"GSA,FAS,Technology Transformation Service",
cops.fas.gsa.gov,General Services Administration,"GSA, IDI, ECAS II",
fmswsec.fas.gsa.gov,General Services Administration,"GSA, IDI, ECAS II",
drivethru.gsa.gov,General Services Administration,"GSA, IDI, ECAS II",
realestatesales.gov,General Services Administration,"GSA, FAS, SASy",
acquisitiongateway.gov,General Services Administration,"GSA, FAS, Office of Enterprise Strategy Management",
digitalcorps.gsa.gov,General Services Administration,"GSA, IDI, ECAS II",
pfabankapi-n.app.cloud.gov,General Services Administration,"GSA,FAS,Technology Transformation Service",
brand.18f.gov,General Services Administration,"GSA,FAS,Technology Transformation Service",
atf-eregs.18f.gov,General Services Administration,"GSA,FAS,Technology Transformation Service",
fleetsso.gsa.gov,General Services Administration,"GSA, IDI, ECAS II",
400yaahc.gov,General Services Administration,400 Years of African American History Commission,
eng-hiring.18f.gov,General Services Administration,"GSA,FAS,Technology Transformation Service",
ux-guide.18f.gov,General Services Administration,"GSA,FAS,Technology Transformation Service",
methods.18f.gov,General Services Administration,"GSA,FAS,Technology Transformation Service",
engineering.18f.gov,General Services Administration,"GSA,FAS,Technology Transformation Service",
itvmo.gsa.gov,General Services Administration,"GSA, IDI, ECAS II",
disposal.gsa.gov,General Services Administration,"GSA, IDI, ECAS II",
crt-portal-django-prod.app.cloud.gov,General Services Administration,"GSA,FAS,Technology Transformation Service",
mia-django-main.app.cloud.gov,General Services Administration,"GSA,FAS,Technology Transformation Service",
lookforwatersense-prod.app.cloud.gov,General Services Administration,"GSA,FAS,Technology Transformation Service",
gsa.gov,General Services Administration,"GSA, IDI, ECAS II",
r06.anywhere.gsa.gov,General Services Administration,"GSA, IDI, ECAS II",
identityequitystudy.gsa.gov,General Services Administration,"GSA, IDI, ECAS II",
mcm.fas.gsa.gov,General Services Administration,"GSA, IDI, ECAS II",
courtsweb.gsa.gov,General Services Administration,"GSA, IDI, ECAS II",
madeinamerica.gov,General Services Administration,"GSA,FAS,Technology Transformation Service",
ncportals.fas.gsa.gov,General Services Administration,"GSA, IDI, ECAS II",
usaccess-alp.gsa.gov,General Services Administration,"GSA, IDI, ECAS II",
vaadvantage.gsa.gov,General Services Administration,"GSA, IDI, ECAS II",
vltp.gsa.gov,General Services Administration,"GSA, IDI, ECAS II",
gsaadvantage.gov,General Services Administration,"GSA, IQ-GSAAdvantage-Main",
r05-voipedge.gsa.gov,General Services Administration,"GSA, IDI, ECAS II",
sftool.gov,General Services Administration,"GSA, IC, OGP Web Portfolio",
touchpoints.app.cloud.gov,General Services Administration,"GSA,FAS,Technology Transformation Service",
cfo.gov,General Services Administration,"GSA, IC, OGP Web Portfolio",
recycling.gsa.gov,General Services Administration,"GSA, IDI, ECAS II",
open.gsa.gov,General Services Administration,"GSA, IDI, ECAS II",
fmswseb.fas.gsa.gov,General Services Administration,"GSA, IDI, ECAS II",
topsorder.ftsbilling.gsa.gov,General Services Administration,"GSA, IDI, ECAS II",
extportal.pbs.gsa.gov,General Services Administration,"GSA, IDI, ECAS II",
asap.gsa.gov,General Services Administration,"GSA, IDI, ECAS II",
arm.fas.gsa.gov,General Services Administration,"GSA, IDI, ECAS II",
vehiclestd.fas.gsa.gov,General Services Administration,"GSA, IDI, ECAS II",
fedspecs.gsa.gov,General Services Administration,"GSA, IDI, ECAS II",
devicepki.idmanagement.gov,General Services Administration,"GSA, IC, OGP Web Portfolio",
frppmap.gsa.gov,General Services Administration,"GSA, IDI, ECAS II",
conectate.gobiernousa.gov,General Services Administration,"GSA,FAS,Technology Transformation Service",
fmitservices-external.gsa.gov,General Services Administration,"GSA, IDI, ECAS II",
join.tts.gsa.gov,General Services Administration,"GSA, IDI, ECAS II",
workplace.gsa.gov,General Services Administration,"GSA, IDI, ECAS II",
vasalesportal.gsa.gov,General Services Administration,"GSA, IDI, ECAS II",
eoffer.gsa.gov,General Services Administration,"GSA, IDI, ECAS II",
8astars.fas.gsa.gov,General Services Administration,"GSA, IDI, ECAS II",
autochoice.fas.gsa.gov,General Services Administration,"GSA, IDI, ECAS II",
tmss.gsa.gov,General Services Administration,"GSA, IDI, ECAS II",
topsbill.ftsbilling.gsa.gov,General Services Administration,"GSA, IDI, ECAS II",
topsordercert.ftsbilling.gsa.gov,General Services Administration,"GSA, IDI, ECAS II",
gsafleet2go.fas.gsa.gov,General Services Administration,"GSA, IDI, ECAS II",
vsc.gsa.gov,General Services Administration,"GSA, IDI, ECAS II",
usdaadvantage.gsa.gov,General Services Administration,"GSA, IDI, ECAS II",
idp.int.identitysandbox.gov,General Services Administration,"GSA,FAS,Technology Transformation Service",
aspdotnetstorefront.webshops.fas.gsa.gov,General Services Administration,"GSA, IDI, ECAS II",
1.usa.gov,General Services Administration,"GSA,FAS,Technology Transformation Service",
cm-jira.usa.gov,General Services Administration,"GSA,FAS,Technology Transformation Service",
benefits.gov,General Services Administration,Office of the Chief Information Officer,
epayb.fas.gsa.gov,General Services Administration,"GSA, IDI, ECAS II",